Source ID,Domain,Secondary Domains,Category,Source Name,Source Owner,Canonical Level,Data Available,Coverage,Access Link,Access Method,Ingestion Type,Automation,Refresh Frequency,Authentication,Cost,Terms / Licensing,Priority,AI Processing,Entity Types,Business Value,Example Opportunity,Research Status,Last Verified,Owner / Analyst,Notes
GOV-0001,Government,,Procurement,SAM.gov Contract Opportunities,GSA,,"Federal solicitations, notices, amendments, deadlines, set-asides and attachments",US federal,https://open.gsa.gov/api/get-opportunities-public-api/,REST API,,Auto,,,,,P1,,,Very High,Find and monitor federal bid opportunities,Identified — validation pending,,,
GOV-0002,Government,,Procurement,SAM.gov Opportunities Data Services,GSA,,"Active, archived and versioned opportunity records",US federal,https://sam.gov/data-services/Contract%20Opportunities,Bulk download,,Auto,,,,,P1,,,Very High,Backfill opportunity history,Identified — validation pending,,,
GOV-0003,Government,,Entities,SAM.gov Entity API,GSA,,"UEI, CAGE, registration, business types and assertions",US federal,https://open.gsa.gov/api/entity-api/,REST API,,Auto,,,,,P1,,,High,Find contractors and registration changes,Identified — validation pending,,,
GOV-0004,Government,,Entities,SAM.gov Entity Public Extracts,GSA,,Public entity registration data,US federal,https://sam.gov/data-services/Entity%20Registration,Bulk download,,Auto,,,,,P1,,,High,Build contractor master records,Identified — validation pending,,,
GOV-0005,Government,,Compliance,SAM.gov Exclusions API,GSA,,"Federal exclusions, suspensions and debarments",US federal,https://open.gsa.gov/api/exclusions-api/,REST API,,Auto,,,,,P1,,,High,Screen counterparties,Identified — validation pending,,,
GOV-0006,Government,,Compliance,SAM.gov Exclusions Extracts,GSA,,Bulk exclusions records,US federal,https://sam.gov/data-services/Exclusions,Bulk download,,Auto,,,,,P1,,,High,Maintain exclusion history,Identified — validation pending,,,
GOV-0007,Government,,Assistance,SAM.gov Assistance Listings API,GSA,,Federal assistance programs and eligibility,US federal,https://open.gsa.gov/api/assistance-listings-api/,REST API,,Auto,,,,,P1,,,High,Match organizations to programs,Identified — validation pending,,,
GOV-0008,Government,,Awards,SAM.gov Contract Data,GSA,,Contract awards and modifications,US federal,https://sam.gov/content/contract-data,Portal / export,,Semi-auto,,,,,P2,,,Very High,Find incumbents and recompetes,Identified — validation pending,,,
GOV-0009,Government,,Spending,USAspending API,U.S. Treasury,,"Contracts, grants, loans, transactions, recipients and agencies",US federal,https://api.usaspending.gov/,REST API,,Auto,,,,,P1,,,Very High,Analyze award history and agency spend,Identified — validation pending,,,
GOV-0010,Government,,Spending,USAspending Download Center,U.S. Treasury,,"Award, transaction and subaward files",US federal,https://www.usaspending.gov/download_center/custom_award_data,Bulk download,,Auto,,,,,P1,,,Very High,Build historical spending warehouse,Identified — validation pending,,,
GOV-0011,Government,,Awards,FPDS Legacy,GSA,,Historical federal procurement data,US federal,https://www.fpds.gov/,Portal / bulk,,Semi-auto,,,,,P2,,,Very High,Research older award actions,Identified — validation pending,,,
GOV-0012,Government,,Integrity,FAPIIS,GSA,,Contractor integrity and performance information,US federal,https://sam.gov/content/fapiis,Portal,,Semi-auto,,,,,P2,,,High,Assess contractor risk,Identified — validation pending,,,
GOV-0013,Government,,Subawards,FSRS,GSA,,Prime contractor and grantee subawards,US federal,https://www.fsrs.gov/,Portal / export,,Semi-auto,,,,,P2,,,High,Map subcontracting chains,Identified — validation pending,,,
GOV-0014,Government,,Subcontracting,SBA SUBNet,SBA,,Prime contractor subcontracting opportunities,US federal,https://subnet.sba.gov/client/dsp_Landing.cfm,HTML portal,,Semi-auto,,,,,P2,,,High,Find subcontracting openings,Identified — validation pending,,,
GOV-0015,Government,,Supplier Discovery,SBA Dynamic Small Business Search,SBA,,Small-business capabilities and certifications,US federal,https://dsbs.sba.gov/search/dsp_dsbs.cfm,HTML portal,,Semi-auto,,,,,P2,,,High,Find partners and competitors,Identified — validation pending,,,
GOV-0016,Government,,Certifications,SBA Certifications,SBA,,"8(a), WOSB, HUBZone and other certifications",US federal,https://certifications.sba.gov/,Portal,,Semi-auto,,,,,P2,,,High,Track set-aside eligibility,Identified — validation pending,,,
GOV-0017,Government,,Set-Asides,SBA HUBZone Map,SBA,,HUBZone eligibility geography,US federal,https://maps.certify.sba.gov/hubzone/map,GIS portal,,Semi-auto,,,,,P2,,,High,Identify HUBZone advantages,Identified — validation pending,,,
GOV-0018,Government,,Contract Vehicles,GSA eLibrary,GSA,,"Schedules, SINs, vendors and contracts",US federal,https://www.gsaelibrary.gsa.gov/,HTML portal,,Semi-auto,,,,,P2,,,High,Find incumbents and vehicle access,Identified — validation pending,,,
GOV-0019,Government,,Marketplace,GSA Advantage,GSA,,"Government products, vendors and pricing",US federal,https://www.gsaadvantage.gov/,HTML portal,,Semi-auto,,,,,P2,,,High,Benchmark catalog pricing,Identified — validation pending,,,
GOV-0020,Government,,Acquisition,Acquisition Gateway API,GSA,,Acquisition guidance and public listings,US federal,https://open.gsa.gov/api/ag-api/,REST API,,Auto,,,,,P1,,,High,Research acquisition practices,Identified — validation pending,,,
GOV-0021,Government,,Pricing,GSA CALC+,GSA,,Professional-services labor rates,US federal,https://buy.gsa.gov/pricing/qr/mas?page=1&page_size=20,Web app / export,,Semi-auto,,,,,P2,,,High,Price bids,Identified — validation pending,,,
GOV-0022,Government,,IT Spending,IT Dashboard,OMB / GSA,,Agency IT portfolios and performance,US federal,https://itdashboard.gov/,Portal / downloads,,Semi-auto,,,,,P2,,,High,Find large or troubled IT programs,Identified — validation pending,,,
GOV-0023,Government,,Grants,Grants.gov Search,HHS / Grants.gov,,"Grant notices, eligibility, deadlines and funding",US federal,https://www.grants.gov/search-grants,Search API / portal,,Auto,,,,,P2,,,Very High,Discover federal grants,Identified — validation pending,,,
GOV-0024,Government,,Grants,Grants.gov S2S,HHS / Grants.gov,,Grant opportunity and application services,US federal,https://www.grants.gov/web/grants/s2s/grantor_system_to_system.html,REST / SOAP,,Semi-auto,,,,,P2,,,Very High,Automate grant workflows,Identified — validation pending,,,
GOV-0025,Government,,Grants,Simpler.Grants.gov API,GSA,,Modern federal grant search and details,US federal,https://wiki.simpler.grants.gov/product/api,REST API,,Auto,,,,,P1,,,Very High,Build grant scout feeds,Identified — validation pending,,,
GOV-0026,Government,,R&D Funding,SBIR.gov Solicitations,SBA,,SBIR and STTR solicitations,US federal,https://www.sbir.gov/solicitations,Portal / feed,,Semi-auto,,,,,P2,,,High,Find research commercialization topics,Identified — validation pending,,,
GOV-0027,Government,,R&D Awards,SBIR.gov Awards,SBA,,Historical SBIR/STTR awards,US federal,https://www.sbir.gov/awards,Search / download,,Semi-auto,,,,,P2,,,High,Find funded companies and technologies,Identified — validation pending,,,
GOV-0028,Government,,R&D Funding,NSF Seed Fund,NSF,,Commercialization funding programs,US federal,https://seedfund.nsf.gov/,Portal,,Semi-auto,,,,,P2,,,High,Find startup funding,Identified — validation pending,,,
GOV-0029,Government,,R&D Funding,NIH SEED,NIH,,Biomedical small-business funding,US federal,https://seed.nih.gov/,Portal,,Semi-auto,,,,,P2,,,High,Find health commercialization opportunities,Identified — validation pending,,,
GOV-0030,Government,,Prize Challenges,Challenge.gov,GSA,,Federal prize competitions and deadlines,US federal,https://www.challenge.gov/,Portal / RSS,,Auto,,,,,P2,,,High,Find prize-funded opportunities,Identified — validation pending,,,
GOV-0031,Government,,Acquisition Rules,Acquisition.gov,FAR Council / GSA,,FAR and agency supplements,US federal,https://www.acquisition.gov/,HTML / XML,,Auto,,,,,P2,,,High,Track acquisition rule changes,Identified — validation pending,,,
GOV-0032,Government,,Defense Procurement,Defense Pricing and Contracting,DoD,,DoD contracting policy and guidance,US federal,https://www.acq.osd.mil/asda/dpc/,HTML / documents,,Semi-auto,,,,,P2,,,High,Detect defense procurement changes,Identified — validation pending,,,
GOV-0033,Government,,Defense Procurement,DLA DIBBS,DLA,,DLA bids and awards,US federal,https://www.dibbs.bsm.dla.mil/,Portal,,Semi-auto,,,,,P2,,,High,Find supply and manufacturing bids,Identified — validation pending,,,
GOV-0034,Government,,Defense Procurement,PIEE Solicitation Module,DoD,,DoD solicitations and procurement workflows,US federal,https://piee.eb.mil/,Authenticated portal,,Semi-auto,,,,,P2,,,High,Find and respond to defense opportunities,Identified — validation pending,,,
GOV-0035,Government,,Defense Research,DARPA Opportunities,DARPA,,"BAAs, solicitations and research opportunities",US federal,https://www.darpa.mil/work-with-us/opportunities,HTML / RSS,,Auto,,,,,P2,,,High,Find frontier-technology funding,Identified — validation pending,,,
GOV-0036,Government,,Defense Research,SAM.gov DoD Opportunities,DoD / GSA,,DoD solicitations published through SAM,US federal,https://sam.gov/content/opportunities,REST API / portal,,Auto,,,,,P1,,,High,Create defense-specific scouts,Identified — validation pending,,,
GOV-0037,Government,,Federal Jobs,USAJOBS API,OPM,,Federal job openings and occupations,US federal,https://developer.usajobs.gov/,REST API,,Auto,,,,,P1,,,High,Detect agency hiring demand,Identified — validation pending,,,
GOV-0038,Government,,Agency Directory,Federal Agency Directory API,GSA,,Federal agency contacts and directory data,US federal,https://open.gsa.gov/api/federal-agency-directory-api/,REST API,,Auto,,,,,P1,,,High,Normalize agencies and offices,Identified — validation pending,,,
GOV-0039,Government,,Per Diem,GSA Per Diem API,GSA,,Federal travel lodging and meal rates,US federal,https://open.gsa.gov/api/perdiem/,REST API,,Auto,,,,,P1,,,High,Price travel-heavy contracts,Identified — validation pending,,,
GOV-0040,Government,,Federal Holidays,OPM Operating Status,OPM,,Federal operating status,US federal,https://www.opm.gov/policy-data-oversight/snow-dismissal-procedures/current-status/,RSS / JSON-like feed,,Auto,,,,,P2,,,High,Trigger operational alerts,Identified — validation pending,,,
GOV-0041,Government,,Regulations,Federal Register API,Office of the Federal Register,,"Proposed rules, final rules, notices and presidential documents",US federal,https://www.federalregister.gov/developers/documentation/api/v1,REST API,,Auto,,,,,P1,,,Very High,Detect regulatory change,Identified — validation pending,,,
GOV-0042,Government,,Regulations,Federal Register Bulk Data,GPO / OFR,,Daily Federal Register editions,US federal,https://www.govinfo.gov/bulkdata/FR,Bulk XML,,Auto,,,,,P1,,,Very High,Build regulatory archive,Identified — validation pending,,,
GOV-0043,Government,,Rulemaking,Regulations.gov API,GSA,,"Dockets, documents and comments",US federal,https://open.gsa.gov/api/regulationsgov/,REST API,,Auto,,,,,P1,,,High,Track active rulemakings,Identified — validation pending,,,
GOV-0044,Government,,Regulations,eCFR API,OFR / GPO,,Current CFR structure and text,US federal,https://www.ecfr.gov/developers/documentation/api/v1,REST API,,Auto,,,,,P1,,,Very High,Monitor binding regulation changes,Identified — validation pending,,,
GOV-0045,Government,,Publications,GovInfo API,GPO,,"Official legislative, regulatory and judicial publications",US federal,https://api.govinfo.gov/docs/,REST API,,Auto,,,,,P1,,,High,Search government documents,Identified — validation pending,,,
GOV-0046,Government,,Publications,GovInfo Bulk Data,GPO,,"Bills, CFR, FR, Congressional Record and more",US federal,https://www.govinfo.gov/bulkdata,Bulk download,,Auto,,,,,P1,,,High,Build official publication archive,Identified — validation pending,,,
GOV-0047,Government,,Legislation,Congress.gov API,Library of Congress,,"Bills, amendments, members, committees and actions",US federal,https://api.congress.gov/,REST API,,Auto,,,,,P1,,,Very High,Detect legislative movement,Identified — validation pending,,,
GOV-0048,Government,,Legislation,Congress.gov Data Offsite,Library of Congress,,Legislative data access,US federal,https://www.congress.gov/help/using-data-offsite,API / bulk guidance,,Auto,,,,,P2,,,Very High,Backfill legislative history,Identified — validation pending,,,
GOV-0049,Government,,Votes,House Roll Call Votes,U.S. House,,House roll-call votes,US federal,https://clerk.house.gov/Votes,XML / HTML,,Auto,,,,,P2,,,High,Analyze coalitions,Identified — validation pending,,,
GOV-0050,Government,,Votes,Senate Roll Call Votes,U.S. Senate,,Senate roll-call votes,US federal,https://www.senate.gov/legislative/votes_new.htm,XML / HTML,,Auto,,,,,P2,,,High,Analyze vote likelihood,Identified — validation pending,,,
GOV-0051,Government,,Committees,House Committee Repository,U.S. House,,"Hearings, testimony and meeting documents",US federal,https://docs.house.gov/,HTML / XML,,Auto,,,,,P2,,,High,Detect policy development,Identified — validation pending,,,
GOV-0052,Government,,Committees,Senate Hearings,U.S. Senate,,Hearings and schedules,US federal,https://www.senate.gov/committees/hearings_meetings.htm,HTML / RSS,,Auto,,,,,P2,,,High,Monitor oversight activity,Identified — validation pending,,,
GOV-0053,Government,,Budget,CBO Data,Congressional Budget Office,,Budget projections and cost estimates,US federal,https://www.cbo.gov/data,CSV / XLSX / RSS,,Auto,,,,,P2,,,High,Find funded policy areas,Identified — validation pending,,,
GOV-0054,Government,,Oversight,GAO Reports,GAO,,"Audits, recommendations and testimonies",US federal,https://www.gao.gov/reports-testimonies,HTML / RSS,,Auto,,,,,P2,,,High,Find failed programs and reform demand,Identified — validation pending,,,
GOV-0055,Government,,Procurement Law,GAO Bid Protest Decisions,GAO,,Bid protest decisions,US federal,https://www.gao.gov/legal/bid-protests/search,Search / PDF,,Semi-auto,,,,,P2,,,High,Assess protest risk,Identified — validation pending,,,
GOV-0056,Government,,Courts,CourtListener API,Free Law Project,,"Opinions, dockets, judges and citations",US federal,https://www.courtlistener.com/help/api/,REST API,,Auto,,,,,P1,,,High,Track government litigation,Identified — validation pending,,,
GOV-0057,Government,,Courts,PACER Case Locator,U.S. Courts,,Federal dockets and filings,US federal,https://pcl.uscourts.gov/,Portal,,Semi-auto,,,,,P2,,,High,Find disputes and bankruptcies,Identified — validation pending,,,
GOV-0058,Government,,Courts,Supreme Court Opinions,U.S. Supreme Court,,Opinions and orders,US federal,https://www.supremecourt.gov/opinions/opinions.aspx,HTML / PDF,,Semi-auto,,,,,P2,,,High,Detect high-impact legal changes,Identified — validation pending,,,
GOV-0059,Government,,Judicial Statistics,U.S. Courts Data Tables,U.S. Courts,,Court and bankruptcy statistics,US federal,https://www.uscourts.gov/statistics-reports/data-tables,CSV / XLSX,,Auto,,,,,P2,,,High,Find litigation trends,Identified — validation pending,,,
GOV-0060,Government,,Political Finance,FEC API,FEC,,"Candidates, committees and campaign finance",US federal,https://api.open.fec.gov/developers/,REST API,,Auto,,,,,P1,,,High,Map political money,Identified — validation pending,,,
GOV-0061,Government,,Lobbying,Lobbying Disclosure Database,Senate / House,,Lobbying registrations and reports,US federal,https://lda.senate.gov/system/public/,Portal / downloads,,Semi-auto,,,,,P2,,,High,Track influence and policy priorities,Identified — validation pending,,,
GOV-0062,Government,,Foreign Influence,FARA Search,DOJ,,Foreign-agent registrations and filings,US federal,https://efile.fara.gov/ords/fara/f?p=1381:1,Portal / documents,,Semi-auto,,,,,P2,,,High,Map foreign influence,Identified — validation pending,,,
GOV-0063,Government,,Executive Policy,White House Presidential Actions,White House,,"Executive orders, memoranda and proclamations",US federal,https://www.whitehouse.gov/presidential-actions/,HTML / RSS,,Auto,,,,,P2,,,High,Detect immediate policy shifts,Identified — validation pending,,,
GOV-0064,Government,,Management Policy,OMB Circulars,OMB,,"Budget, grants and management directives",US federal,https://www.whitehouse.gov/omb/information-for-agencies/circulars/,HTML / PDF,,Semi-auto,,,,,P2,,,High,Track federal management rules,Identified — validation pending,,,
GOV-0065,Government,,Regulatory Planning,Unified Agenda,OIRA / OMB,,Planned and pending rulemakings,US federal,https://www.reginfo.gov/public/do/eAgendaMain,Portal / XML,,Auto,,,,,P2,,,High,Anticipate regulation,Identified — validation pending,,,
GOV-0066,Government,,Regulatory Burden,Information Collection Review,OIRA / OMB,,Information collection requests,US federal,https://www.reginfo.gov/public/do/PRAMain,Portal / XML,,Auto,,,,,P2,,,High,Detect reporting burdens,Identified — validation pending,,,
GOV-0067,Government,,Statutes,U.S. Code Downloads,House Law Revision Counsel,,Current codified statutes,US federal,https://uscode.house.gov/download/download.shtml,Bulk XML / text,,Auto,,,,,P1,,,High,Link opportunities to law,Identified — validation pending,,,
GOV-0068,Government,,Statutes,Statutes at Large,GovInfo,,Enacted public and private laws,US federal,https://www.govinfo.gov/app/collection/STATUTE,API / bulk,,Auto,,,,,P2,,,High,Track enacted law,Identified — validation pending,,,
GOV-0069,Government,,Fiscal Data,Treasury Fiscal Data API,U.S. Treasury,,"Debt, revenue, spending, interest and financial accounts",US federal,https://fiscaldata.treasury.gov/api/fiscal_service/,REST API,,Auto,,,,,P1,,,High,Track fiscal flows,Identified — validation pending,,,
GOV-0070,Government,,Fiscal Data,Daily Treasury Statement,U.S. Treasury,,Daily operating cash and debt transactions,US federal,https://fiscaldata.treasury.gov/datasets/daily-treasury-statement/,API / CSV,,Auto,,,,,P1,,,High,Monitor federal cash flow,Identified — validation pending,,,
GOV-0071,Government,,Fiscal Data,Monthly Treasury Statement,U.S. Treasury,,"Monthly receipts, outlays and deficit",US federal,https://fiscaldata.treasury.gov/datasets/monthly-treasury-statement/,API / CSV,,Auto,,,,,P1,,,High,Find spending growth,Identified — validation pending,,,
GOV-0072,Government,,Securities,Treasury Auctions Data,U.S. Treasury,,Treasury auction schedules and results,US federal,https://fiscaldata.treasury.gov/datasets/treasury-securities-auctions-data/,API / CSV,,Auto,,,,,P1,,,High,Monitor government financing,Identified — validation pending,,,
GOV-0073,Government,,Economic Indicators,FRED API,Federal Reserve Bank of St. Louis,,Economic time series,US federal,https://fred.stlouisfed.org/docs/api/fred/,REST API,,Auto,,,,,P1,,,High,Build macro scouts,Identified — validation pending,,,
GOV-0074,Government,,Finance,Federal Reserve Data Download Program,Federal Reserve Board,,"Rates, credit, banking and monetary data",US federal,https://www.federalreserve.gov/datadownload/,CSV / XML,,Auto,,,,,P2,,,High,Track credit shifts,Identified — validation pending,,,
GOV-0075,Government,,Banking,FDIC BankFind API,FDIC,,"Banks, branches, financials and failures",US federal,https://banks.data.fdic.gov/docs/,REST API,,Auto,,,,,P1,,,High,Detect bank growth and distress,Identified — validation pending,,,
GOV-0076,Government,,Banking,FDIC Failed Bank List,FDIC,,Failed banks and acquirers,US federal,https://www.fdic.gov/bank-failures/failed-bank-list,HTML / CSV,,Auto,,,,,P2,,,High,Find disruption and asset transfers,Identified — validation pending,,,
GOV-0077,Government,,Banking,FFIEC Call Reports,FFIEC,,Bank regulatory financial filings,US federal,https://cdr.ffiec.gov/public/,Bulk / portal,,Auto,,,,,P1,,,High,Score bank health,Identified — validation pending,,,
GOV-0078,Government,,Financial Filings,SEC EDGAR APIs,SEC,,Company submissions and XBRL facts,US federal,https://www.sec.gov/search-filings/edgar-application-programming-interfaces,REST JSON,,Semi-auto,,,,,P2,,,High,Detect filings and capital shifts,Identified — validation pending,,,
GOV-0079,Government,,Financial Filings,SEC EDGAR Full-Text Search,SEC,,Full-text filings,US federal,https://www.sec.gov/edgar/search/,Search / JSON,,Semi-auto,,,,,P2,,,High,Find strategic disclosures,Identified — validation pending,,,
GOV-0080,Government,,Investment Advisers,Investment Adviser Public Disclosure,SEC,,Registered advisers and filings,US federal,https://adviserinfo.sec.gov/,Portal / downloads,,Semi-auto,,,,,P2,,,High,Map advisers,Identified — validation pending,,,
GOV-0081,Government,,Funds,SEC Investment Company Data,SEC,,Fund filings and structured data,US federal,https://www.sec.gov/data-research/sec-markets-data/investment-company-data-resources,Bulk / XML,,Auto,,,,,P1,,,High,Track fund changes,Identified — validation pending,,,
GOV-0082,Government,,Commodity Markets,CFTC Commitments of Traders,CFTC,,Futures and options positions,US federal,https://www.cftc.gov/MarketReports/CommitmentsofTraders/index.htm,CSV downloads,,Auto,,,,,P2,,,High,Detect commodity positioning,Identified — validation pending,,,
GOV-0083,Government,,Economic Statistics,BEA API,BEA,,"GDP, industry, trade and regional accounts",US federal,https://apps.bea.gov/api/,REST API,,Auto,,,,,P1,,,High,Find regional growth,Identified — validation pending,,,
GOV-0084,Government,,Labor Statistics,BLS API,BLS,,"Employment, wages, prices and productivity",US federal,https://www.bls.gov/developers/,REST API,,Auto,,,,,P1,,,High,Detect labor shifts,Identified — validation pending,,,
GOV-0085,Government,,Labor Statistics,BLS QCEW,BLS,,County industry employment and wages,US federal,https://www.bls.gov/cew/downloadable-data-files.htm,Bulk CSV,,Auto,,,,,P1,,,High,Find local industry growth,Identified — validation pending,,,
GOV-0086,Government,,Labor Statistics,BLS OEWS,BLS,,Occupational employment and wages,US federal,https://www.bls.gov/oes/tables.htm,Bulk XLSX,,Auto,,,,,P1,,,High,Price workforce,Identified — validation pending,,,
GOV-0087,Government,,Labor Statistics,BLS JOLTS,BLS,,"Openings, hires and separations",US federal,https://www.bls.gov/jlt/data.htm,CSV / API,,Auto,,,,,P1,,,High,Detect hiring pressure,Identified — validation pending,,,
GOV-0088,Government,,Prices,BLS CPI,BLS,,Consumer prices,US federal,https://www.bls.gov/cpi/data.htm,API / downloads,,Auto,,,,,P1,,,High,Track inflation,Identified — validation pending,,,
GOV-0089,Government,,Prices,BLS PPI,BLS,,Producer prices,US federal,https://www.bls.gov/ppi/data.htm,API / downloads,,Auto,,,,,P1,,,High,Track supplier costs,Identified — validation pending,,,
GOV-0090,Government,,Demographics,Census Data API,Census Bureau,,"Population, housing and economic data",US federal,https://www.census.gov/data/developers/data-sets.html,REST API,,Auto,,,,,P1,,,High,Analyze markets,Identified — validation pending,,,
GOV-0091,Government,,Demographics,ACS API,Census Bureau,,"Income, housing, commuting and demographics",US federal,https://www.census.gov/data/developers/data-sets/acs-5year.html,REST API,,Auto,,,,,P1,,,High,Rank local markets,Identified — validation pending,,,
GOV-0092,Government,,Geography,TIGER/Line,Census Bureau,,"Boundaries, roads and geography",US federal,https://www.census.gov/geographies/mapping-files/time-series/geo/tiger-line-file.html,Bulk GIS,,Auto,,,,,P1,,,High,Spatially join records,Identified — validation pending,,,
GOV-0093,Government,,Business Activity,Business Formation Statistics,Census Bureau,,Business applications and formations,US federal,https://www.census.gov/econ/bfs/data.html,API / CSV,,Auto,,,,,P1,,,High,Detect startup activity,Identified — validation pending,,,
GOV-0094,Government,,Business Activity,County Business Patterns,Census Bureau,,"Establishments, employment and payroll",US federal,https://www.census.gov/programs-surveys/cbp/data.html,API / CSV,,Auto,,,,,P1,,,High,Identify industry gaps,Identified — validation pending,,,
GOV-0095,Government,,Construction,Building Permits Survey,Census Bureau,,Residential permit activity,US federal,https://www.census.gov/construction/bps/,API / CSV,,Auto,,,,,P1,,,High,Detect construction growth,Identified — validation pending,,,
GOV-0096,Government,,Trade,Census International Trade API,Census Bureau,,Imports and exports by product and country,US federal,https://www.census.gov/data/developers/data-sets/international-trade.html,REST API,,Auto,,,,,P1,,,High,Find trade opportunities,Identified — validation pending,,,
GOV-0097,Government,,Government Finance,Census Government Finance,Census Bureau,,"State and local revenues, spending and debt",US federal,https://www.census.gov/programs-surveys/gov-finances/data.html,API / downloads,,Auto,,,,,P1,,,High,Find fiscal stress,Identified — validation pending,,,
GOV-0098,Government,,Tax Statistics,IRS Statistics,IRS,,"Individual, business and nonprofit tax statistics",US federal,https://www.irs.gov/statistics,CSV / XLSX,,Auto,,,,,P2,,,High,Find tax-base trends,Identified — validation pending,,,
GOV-0099,Government,,Federal Workforce,FedScope,OPM,,Federal employment and occupations,US federal,https://www.fedscope.opm.gov/,Downloads / cube,,Semi-auto,,,,,P2,,,High,Find agency staffing shifts,Identified — validation pending,,,
GOV-0100,Government,,Healthcare,CMS Data API,CMS,,"Provider, facility, utilization and payment data",US federal,https://data.cms.gov/api-docs,REST API / bulk,,Auto,,,,,P1,,,Very High,Find care and reimbursement opportunities,Identified — validation pending,,,
GOV-0101,Government,,Healthcare,Care Compare Data,CMS,,Provider quality and facility data,US federal,https://data.cms.gov/provider-data/,API / CSV,,Auto,,,,,P1,,,Very High,Find quality and capacity gaps,Identified — validation pending,,,
GOV-0102,Government,,Healthcare Payments,Medicare Physician Data,CMS,,Provider services and payments,US federal,https://data.cms.gov/provider-summary-by-type-of-service/medicare-physician-other-practitioners,API / CSV,,Auto,,,,,P1,,,High,Find specialty demand,Identified — validation pending,,,
GOV-0103,Government,,Healthcare,Medicaid Data,CMS,,"Enrollment, expenditure and quality data",US federal,https://data.medicaid.gov/,API / CSV,,Auto,,,,,P1,,,Very High,Track state health markets,Identified — validation pending,,,
GOV-0104,Government,,Healthcare Relationships,Open Payments,CMS,,Industry payments to clinicians,US federal,https://openpaymentsdata.cms.gov/,Socrata API,,Auto,,,,,P1,,,High,Map commercial relationships,Identified — validation pending,,,
GOV-0105,Government,,Healthcare Providers,NPPES NPI Files,CMS,,Provider identities and taxonomy,US federal,https://download.cms.gov/nppes/NPI_Files.html,Bulk CSV,,Auto,,,,,P1,,,High,Build provider directory,Identified — validation pending,,,
GOV-0106,Government,,Healthcare Finance,HCRIS Cost Reports,CMS,,Provider cost reports,US federal,https://www.cms.gov/data-research/statistics-trends-and-reports/cost-reports,Bulk files,,Auto,,,,,P1,,,High,Find distressed facilities,Identified — validation pending,,,
GOV-0107,Government,,Public Health,CDC Data API,CDC,,Disease and public-health datasets,US federal,https://data.cdc.gov/,Socrata API,,Auto,,,,,P1,,,High,Detect health demand,Identified — validation pending,,,
GOV-0108,Government,,Public Health,CDC WONDER,CDC,,"Mortality, births and disease statistics",US federal,https://wonder.cdc.gov/,Query / export,,Semi-auto,,,,,P2,,,High,Find disparities,Identified — validation pending,,,
GOV-0109,Government,,Local Health,CDC PLACES,CDC,,Small-area chronic disease measures,US federal,https://www.cdc.gov/places/,API / GIS,,Auto,,,,,P1,,,High,Find care gaps,Identified — validation pending,,,
GOV-0110,Government,,Community Risk,CDC Social Vulnerability Index,CDC / ATSDR,,Community vulnerability indicators,US federal,https://www.atsdr.cdc.gov/place-health/php/svi/,GIS / CSV,,Auto,,,,,P2,,,High,Prioritize vulnerable markets,Identified — validation pending,,,
GOV-0111,Government,,Health Products,openFDA APIs,FDA,,"Drug, device and food events, recalls and labels",US federal,https://open.fda.gov/apis/,REST API,,Auto,,,,,P1,,,High,Detect product risk,Identified — validation pending,,,
GOV-0112,Government,,Pharmaceuticals,FDA Orange Book,FDA,,"Approved drugs, patents and exclusivity",US federal,https://www.fda.gov/drugs/drug-approvals-and-databases/orange-book-data-files,Bulk downloads,,Auto,,,,,P1,,,High,Find generic-entry opportunities,Identified — validation pending,,,
GOV-0113,Government,,Biologics,FDA Purple Book,FDA,,Biologics and biosimilars,US federal,https://purplebooksearch.fda.gov/,Portal / downloads,,Semi-auto,,,,,P2,,,High,Track biosimilar opportunities,Identified — validation pending,,,
GOV-0114,Government,,Medical Devices,FDA Device Databases,FDA,,"510(k), PMA, recalls and adverse events",US federal,https://www.fda.gov/medical-devices/device-advice-comprehensive-regulatory-assistance/medical-device-databases,Downloads / APIs,,Auto,,,,,P1,,,High,Find device opportunities,Identified — validation pending,,,
GOV-0115,Government,,Clinical Research,ClinicalTrials.gov API,NLM,,"Trials, sponsors, interventions and sites",US federal,https://clinicaltrials.gov/data-api/about-api,REST API,,Auto,,,,,P1,,,High,Track emerging treatments,Identified — validation pending,,,
GOV-0116,Government,,Research Funding,NIH RePORTER API,NIH,,"Projects, awards, investigators and organizations",US federal,https://api.reporter.nih.gov/,REST API,,Auto,,,,,P1,,,Very High,Find funded research,Identified — validation pending,,,
GOV-0117,Government,,Research Funding,NIH ExPORTER,NIH,,NIH projects and publications,US federal,https://reporter.nih.gov/exporter,Bulk CSV,,Auto,,,,,P1,,,Very High,Build funding history,Identified — validation pending,,,
GOV-0118,Government,,Biomedical Literature,PubMed E-utilities,NLM,,Biomedical publications,US federal,https://www.ncbi.nlm.nih.gov/books/NBK25501/,REST API,,Auto,,,,,P1,,,High,Track emerging science,Identified — validation pending,,,
GOV-0119,Government,,Healthcare Capacity,HRSA Data Warehouse,HRSA,,"Workforce, shortage areas, facilities and grants",US federal,https://data.hrsa.gov/,API / GIS / CSV,,Auto,,,,,P1,,,High,Find shortage markets,Identified — validation pending,,,
GOV-0120,Government,,Behavioral Health,SAMHSA Data,SAMHSA,,Mental health and substance-use data,US federal,https://www.samhsa.gov/data/data-we-collect,Downloads,,Semi-auto,,,,,P2,,,High,Find behavioral health demand,Identified — validation pending,,,
GOV-0121,Government,,Product Safety,SaferProducts API,CPSC,,Product incidents and recalls,US federal,https://www.saferproducts.gov/RestWebServices/,REST API,,Auto,,,,,P1,,,High,Detect product risk,Identified — validation pending,,,
GOV-0122,Government,,Vehicle Safety,NHTSA Vehicle API,NHTSA,,"VIN, recalls and vehicle data",US federal,https://vpic.nhtsa.dot.gov/api/,REST API,,Auto,,,,,P1,,,High,Track automotive risk,Identified — validation pending,,,
GOV-0123,Government,,Environment,EPA Envirofacts API,EPA,,"Facilities, emissions, waste and water data",US federal,https://www.epa.gov/enviro/envirofacts-data-service-api,REST API,,Auto,,,,,P1,,,High,Find liabilities,Identified — validation pending,,,
GOV-0124,Government,,Environmental Compliance,EPA ECHO Web Services,EPA,,"Compliance, enforcement and permits",US federal,https://echo.epa.gov/tools/web-services,REST services,,Semi-auto,,,,,P2,,,High,Find remediation demand,Identified — validation pending,,,
GOV-0125,Government,,Toxic Releases,EPA TRI,EPA,,Facility toxic releases,US federal,https://www.epa.gov/toxics-release-inventory-tri-program/tri-data-and-tools,Downloads / API,,Auto,,,,,P1,,,High,Find emission reduction targets,Identified — validation pending,,,
GOV-0126,Government,,Air Quality,EPA AQS API,EPA,,Air monitoring data,US federal,https://aqs.epa.gov/aqsweb/documents/data_api.html,REST API,,Auto,,,,,P1,,,High,Monitor pollution,Identified — validation pending,,,
GOV-0127,Government,,Water Quality,Water Quality Portal,EPA / USGS / NOAA,,Water samples and monitoring sites,US federal,https://www.waterqualitydata.us/,REST API,,Auto,,,,,P1,,,High,Find water problems,Identified — validation pending,,,
GOV-0128,Government,,Facilities,EPA Facility Registry Service,EPA,,Cross-program facility identities,US federal,https://www.epa.gov/frs/frs-data-resources,REST / bulk,,Semi-auto,,,,,P2,,,High,Resolve regulated facilities,Identified — validation pending,,,
GOV-0129,Government,,Disasters,OpenFEMA API,FEMA,,"Disasters, claims, grants and assistance",US federal,https://www.fema.gov/about/openfema/api,REST API,,Auto,,,,,P1,,,High,Find recovery demand,Identified — validation pending,,,
GOV-0130,Government,,Flood Risk,FEMA NFHL,FEMA,,Official flood zones,US federal,https://www.fema.gov/flood-maps/national-flood-hazard-layer,GIS / download,,Auto,,,,,P2,,,High,Score location risk,Identified — validation pending,,,
GOV-0131,Government,,Hazard Risk,FEMA National Risk Index,FEMA,,Community natural-hazard risk,US federal,https://www.fema.gov/flood-maps/products-tools/national-risk-index,GIS / download,,Auto,,,,,P2,,,High,Rank hazard exposure,Identified — validation pending,,,
GOV-0132,Government,,Climate,NOAA Climate Data API,NOAA,,Historical climate observations,US federal,https://www.ncdc.noaa.gov/cdo-web/webservices/v2,REST API,,Auto,,,,,P1,,,High,Model climate demand,Identified — validation pending,,,
GOV-0133,Government,,Weather,National Weather Service API,NOAA,,"Forecasts, alerts and observations",US federal,https://www.weather.gov/documentation/services-web-api,REST API,,Auto,,,,,P1,,,High,Trigger hazard scouts,Identified — validation pending,,,
GOV-0134,Government,,Weather Disasters,NOAA Storm Events,NOAA,,Severe weather events and damage,US federal,https://www.ncdc.noaa.gov/stormevents/,Bulk CSV,,Auto,,,,,P1,,,High,Quantify exposure,Identified — validation pending,,,
GOV-0135,Government,,Water,USGS Water Services,USGS,,"Streamflow, groundwater and water quality",US federal,https://waterservices.usgs.gov/,REST API,,Auto,,,,,P1,,,High,Monitor water conditions,Identified — validation pending,,,
GOV-0136,Government,,Geologic Hazards,USGS Earthquake API,USGS,,Earthquake events,US federal,https://earthquake.usgs.gov/fdsnws/event/1/,REST API,,Auto,,,,,P1,,,High,Trigger disaster scouts,Identified — validation pending,,,
GOV-0137,Government,,Geospatial,USGS National Map,USGS,,"Elevation, imagery and structures",US federal,https://apps.nationalmap.gov/tnmaccess/,REST API / GIS,,Auto,,,,,P1,,,High,Enrich location analysis,Identified — validation pending,,,
GOV-0138,Government,,Minerals,USGS Mineral Resources,USGS,,Mines and mineral deposits,US federal,https://mrdata.usgs.gov/,GIS / downloads,,Auto,,,,,P2,,,High,Find resource opportunities,Identified — validation pending,,,
GOV-0139,Government,,Public Lands,BLM GIS Data,BLM,,"Federal land, leases and rights-of-way",US federal,https://www.blm.gov/services/geospatial/GISData,GIS downloads,,Auto,,,,,P2,,,High,Find land-use opportunities,Identified — validation pending,,,
GOV-0140,Government,,Agriculture,USDA NASS Quick Stats API,USDA,,"Crop, livestock and price data",US federal,https://quickstats.nass.usda.gov/api,REST API,,Auto,,,,,P1,,,High,Detect agricultural shifts,Identified — validation pending,,,
GOV-0141,Government,,Food,FoodData Central API,USDA,,Food composition and branded foods,US federal,https://fdc.nal.usda.gov/api-guide.html,REST API,,Auto,,,,,P1,,,High,Analyze food markets,Identified — validation pending,,,
GOV-0142,Government,,Soils,USDA Soil Data Access,USDA NRCS,,Soil attributes and spatial data,US federal,https://sdmdataaccess.sc.egov.usda.gov/,SOAP / query,,Semi-auto,,,,,P2,,,High,Evaluate land suitability,Identified — validation pending,,,
GOV-0143,Government,,Energy,EIA Open Data API,EIA,,"Electricity, petroleum and gas data",US federal,https://www.eia.gov/opendata/,REST API,,Auto,,,,,P1,,,Very High,Track energy markets,Identified — validation pending,,,
GOV-0144,Government,,Energy,NREL Developer APIs,NREL,,"Solar, wind, rates and fuels",US federal,https://developer.nrel.gov/,REST APIs,,Auto,,,,,P1,,,Very High,Find renewable projects,Identified — validation pending,,,
GOV-0145,Government,,Research,OSTI API,DOE,,DOE-funded publications and software,US federal,https://www.osti.gov/api,REST API,,Auto,,,,,P1,,,High,Find funded technologies,Identified — validation pending,,,
GOV-0146,Government,,Energy Regulation,FERC eLibrary,FERC,,"Dockets, filings and orders",US federal,https://elibrary.ferc.gov/eLibrary/search,Portal / documents,,Semi-auto,,,,,P2,,,High,Track infrastructure cases,Identified — validation pending,,,
GOV-0147,Government,,Transportation,BTS APIs,DOT,,"Freight, aviation and transport indicators",US federal,https://www.bts.gov/browse-statistical-products-and-data/apis,REST APIs,,Auto,,,,,P1,,,High,Find logistics trends,Identified — validation pending,,,
GOV-0148,Government,,Transit,National Transit Database,FTA,,"Transit agencies, assets and ridership",US federal,https://www.transit.dot.gov/ntd/ntd-data,Bulk downloads,,Auto,,,,,P1,,,High,Find capital needs,Identified — validation pending,,,
GOV-0149,Government,,Road Infrastructure,FHWA HPMS,FHWA,,Road condition and performance,US federal,https://www.fhwa.dot.gov/policyinformation/hpms/shapefiles.cfm,GIS / bulk,,Auto,,,,,P2,,,High,Find corridor investment,Identified — validation pending,,,
GOV-0150,Government,,Aviation,FAA Data and Research,FAA,,"Airports, traffic and safety data",US federal,https://www.faa.gov/data_research,Downloads / APIs,,Auto,,,,,P1,,,High,Find aviation opportunities,Identified — validation pending,,,
GOV-0151,Government,,Communications,FCC Developer APIs,FCC,,"Licenses, broadband and filings",US federal,https://www.fcc.gov/reports-research/developers,REST APIs / downloads,,Auto,,,,,P1,,,High,Track telecom opportunities,Identified — validation pending,,,
GOV-0152,Government,,Broadband,FCC Broadband Data,FCC,,Broadband availability and providers,US federal,https://broadbandmap.fcc.gov/data-download,Bulk GIS / CSV,,Auto,,,,,P1,,,High,Find underserved markets,Identified — validation pending,,,
GOV-0153,Government,,Justice,FBI Crime Data API,FBI,,Crime and arrest data,US federal,https://cde.ucr.cjis.gov/LATEST/webapp/#/pages/docApi,REST API,,Auto,,,,,P1,,,High,Find public-safety demand,Identified — validation pending,,,
GOV-0154,Government,,Sanctions,OFAC Sanctions Lists,U.S. Treasury,,Sanctioned entities and programs,US federal,https://ofac.treasury.gov/sanctions-list-service,Downloads / service,,Semi-auto,,,,,P2,,,High,Screen counterparties,Identified — validation pending,,,
GOV-0155,Government,,Export Controls,Consolidated Screening List,Commerce,,Export restriction lists,US federal,https://www.trade.gov/consolidated-screening-list,REST API / downloads,,Auto,,,,,P1,,,High,Screen trade risk,Identified — validation pending,,,
GOV-0156,Government,,Trade,International Trade Administration APIs,Commerce,,"Trade leads, tariffs and market data",US federal,https://developer.trade.gov/,REST APIs,,Auto,,,,,P1,,,High,Find export opportunities,Identified — validation pending,,,
GOV-0157,Government,,Immigration,USCIS Data,USCIS,,"Applications, approvals and processing times",US federal,https://www.uscis.gov/tools/reports-and-studies/immigration-and-citizenship-data,Downloads,,Semi-auto,,,,,P2,,,High,Track workforce migration,Identified — validation pending,,,
GOV-0158,Government,,Cybersecurity,CISA KEV Catalog,CISA,,Actively exploited vulnerabilities,US federal,https://www.cisa.gov/known-exploited-vulnerabilities-catalog,JSON / CSV,,Auto,,,,,P2,,,High,Find remediation opportunities,Identified — validation pending,,,
GOV-0159,Government,,Cybersecurity,CISA Advisories,CISA,,Cyber advisories and alerts,US federal,https://www.cisa.gov/news-events/cybersecurity-advisories,RSS / HTML,,Auto,,,,,P2,,,High,Monitor threats,Identified — validation pending,,,
GOV-0160,Government,,Cybersecurity,NVD API,NIST,,CVE vulnerabilities and severity,US federal,https://nvd.nist.gov/developers/vulnerabilities,REST API,,Auto,,,,,P1,,,High,Find security demand,Identified — validation pending,,,
GOV-0161,Government,,Education,College Scorecard API,Education Department,,"College cost, outcomes and debt",US federal,https://collegescorecard.ed.gov/data/api-documentation/,REST API,,Auto,,,,,P1,,,High,Analyze education markets,Identified — validation pending,,,
GOV-0162,Government,,Education,NCES Data Tools,NCES,,"Schools, districts and colleges",US federal,https://nces.ed.gov/datatools/,APIs / downloads,,Auto,,,,,P1,,,High,Map education demand,Identified — validation pending,,,
GOV-0163,Government,,Higher Education,IPEDS Data Center,NCES,,"Enrollment, finance and staffing",US federal,https://nces.ed.gov/ipeds/use-the-data,Bulk downloads,,Auto,,,,,P1,,,High,Find institutional trends,Identified — validation pending,,,
GOV-0164,Government,,Research Funding,NSF Award Search API,NSF,,"Awards, investigators and organizations",US federal,https://www.research.gov/common/webapi/awardapisearch-v1.htm,REST API,,Auto,,,,,P1,,,Very High,Find funded research,Identified — validation pending,,,
GOV-0165,Government,,Space,NASA Open APIs,NASA,,"Earth, imagery, astronomy and missions",US federal,https://api.nasa.gov/,REST APIs,,Auto,,,,,P1,,,High,Find space and geospatial signals,Identified — validation pending,,,
GOV-0166,Government,,Technology,NASA TechPort API,NASA,,NASA technology investments,US federal,https://techport.nasa.gov/help/api,REST API,,Auto,,,,,P1,,,High,Find funded technologies,Identified — validation pending,,,
GOV-0167,Government,,Software,NASA Software Catalog,NASA,,Government-developed software,US federal,https://software.nasa.gov/,Portal,,Semi-auto,,,,,P2,,,High,Find reusable software,Identified — validation pending,,,
GOV-0168,Government,,Archives,National Archives API,NARA,,Archival records and digital objects,US federal,https://www.archives.gov/developer,REST API,,Auto,,,,,P1,,,High,Research historical records,Identified — validation pending,,,
GOV-0169,Government,,FOIA,FOIA.gov API,DOJ,,Agency FOIA contacts and statistics,US federal,https://www.foia.gov/developer/,REST API,,Auto,,,,,P1,,,High,Plan targeted records requests,Identified — validation pending,,,
GOV-0170,Government,,Federal Property,Federal Real Property Profile,GSA,,Federal property and utilization,US federal,https://www.gsa.gov/policy-regulations/policy/real-property-policy/asset-management/federal-real-property-profile-frpp,Downloads / reports,,Semi-auto,,,,,P2,,,High,Find underused assets,Identified — validation pending,,,
GOV-0171,Government,,Surplus Assets,GSA Auctions,GSA,,Federal surplus property and equipment,US federal,https://gsaauctions.gov/,Portal,,Semi-auto,,,,,P2,,,High,Find discounted assets,Identified — validation pending,,,
GOV-0172,Government,,Surplus Assets,USA.gov Auctions Directory,USA.gov,,Government auctions and sales,US federal,https://www.usa.gov/auctions-and-sales,Directory,,Semi-auto,,,,,P2,,,High,Discover asset sales,Identified — validation pending,,,
GOV-0173,Government,,State Procurement,Alabama Procurement Office,State of Alabama,,"State solicitations, contracts, vendor registration, procurement rules and awards",Alabama,https://purchasing.alabama.gov/,Portal; API/export varies,,Semi-auto,,,,,P3,,,High,Discover and monitor Alabama government contracts,Identified — validation pending,,,
GOV-0174,Government,,State Procurement,Alaska Procurement Office,State of Alaska,,"State solicitations, contracts, vendor registration, procurement rules and awards",Alaska,https://doa.alaska.gov/dgs/purchasing/,Portal; API/export varies,,Semi-auto,,,,,P3,,,High,Discover and monitor Alaska government contracts,Identified — validation pending,,,
GOV-0175,Government,,State Procurement,Arizona Procurement Office,State of Arizona,,"State solicitations, contracts, vendor registration, procurement rules and awards",Arizona,https://spo.az.gov/,Portal; API/export varies,,Semi-auto,,,,,P3,,,High,Discover and monitor Arizona government contracts,Identified — validation pending,,,
GOV-0176,Government,,State Procurement,Arkansas Procurement Office,State of Arkansas,,"State solicitations, contracts, vendor registration, procurement rules and awards",Arkansas,https://www.transform.ar.gov/procurement/,Portal; API/export varies,,Semi-auto,,,,,P3,,,High,Discover and monitor Arkansas government contracts,Identified — validation pending,,,
GOV-0177,Government,,State Procurement,California Procurement Office,State of California,,"State solicitations, contracts, vendor registration, procurement rules and awards",California,https://www.dgs.ca.gov/PD,Portal; API/export varies,,Semi-auto,,,,,P2,,,Very High,Discover and monitor California government contracts,Identified — validation pending,,,
GOV-0178,Government,,State Procurement,Colorado Procurement Office,State of Colorado,,"State solicitations, contracts, vendor registration, procurement rules and awards",Colorado,https://osc.colorado.gov/spco,Portal; API/export varies,,Semi-auto,,,,,P2,,,High,Discover and monitor Colorado government contracts,Identified — validation pending,,,
GOV-0179,Government,,State Procurement,Connecticut Procurement Office,State of Connecticut,,"State solicitations, contracts, vendor registration, procurement rules and awards",Connecticut,https://portal.ct.gov/das/procurement,Portal; API/export varies,,Semi-auto,,,,,P3,,,High,Discover and monitor Connecticut government contracts,Identified — validation pending,,,
GOV-0180,Government,,State Procurement,Delaware Procurement Office,State of Delaware,,"State solicitations, contracts, vendor registration, procurement rules and awards",Delaware,https://mymarketplace.delaware.gov/,Portal; API/export varies,,Semi-auto,,,,,P3,,,High,Discover and monitor Delaware government contracts,Identified — validation pending,,,
GOV-0181,Government,,State Procurement,Florida Procurement Office,State of Florida,,"State solicitations, contracts, vendor registration, procurement rules and awards",Florida,https://www.dms.myflorida.com/business_operations/state_purchasing,Portal; API/export varies,,Semi-auto,,,,,P2,,,Very High,Discover and monitor Florida government contracts,Identified — validation pending,,,
GOV-0182,Government,,State Procurement,Georgia Procurement Office,State of Georgia,,"State solicitations, contracts, vendor registration, procurement rules and awards",Georgia,https://doas.ga.gov/state-purchasing,Portal; API/export varies,,Semi-auto,,,,,P3,,,High,Discover and monitor Georgia government contracts,Identified — validation pending,,,
GOV-0183,Government,,State Procurement,Hawaii Procurement Office,State of Hawaii,,"State solicitations, contracts, vendor registration, procurement rules and awards",Hawaii,https://spo.hawaii.gov/,Portal; API/export varies,,Semi-auto,,,,,P3,,,High,Discover and monitor Hawaii government contracts,Identified — validation pending,,,
GOV-0184,Government,,State Procurement,Idaho Procurement Office,State of Idaho,,"State solicitations, contracts, vendor registration, procurement rules and awards",Idaho,https://purchasing.idaho.gov/,Portal; API/export varies,,Semi-auto,,,,,P3,,,High,Discover and monitor Idaho government contracts,Identified — validation pending,,,
GOV-0185,Government,,State Procurement,Illinois Procurement Office,State of Illinois,,"State solicitations, contracts, vendor registration, procurement rules and awards",Illinois,https://cms.illinois.gov/business/procurement.html,Portal; API/export varies,,Semi-auto,,,,,P3,,,High,Discover and monitor Illinois government contracts,Identified — validation pending,,,
GOV-0186,Government,,State Procurement,Indiana Procurement Office,State of Indiana,,"State solicitations, contracts, vendor registration, procurement rules and awards",Indiana,https://www.in.gov/idoa/procurement/,Portal; API/export varies,,Semi-auto,,,,,P3,,,High,Discover and monitor Indiana government contracts,Identified — validation pending,,,
GOV-0187,Government,,State Procurement,Iowa Procurement Office,State of Iowa,,"State solicitations, contracts, vendor registration, procurement rules and awards",Iowa,https://das.iowa.gov/procurement,Portal; API/export varies,,Semi-auto,,,,,P3,,,High,Discover and monitor Iowa government contracts,Identified — validation pending,,,
GOV-0188,Government,,State Procurement,Kansas Procurement Office,State of Kansas,,"State solicitations, contracts, vendor registration, procurement rules and awards",Kansas,https://admin.ks.gov/offices/procurement-and-contracts,Portal; API/export varies,,Semi-auto,,,,,P3,,,High,Discover and monitor Kansas government contracts,Identified — validation pending,,,
GOV-0189,Government,,State Procurement,Kentucky Procurement Office,State of Kentucky,,"State solicitations, contracts, vendor registration, procurement rules and awards",Kentucky,https://finance.ky.gov/office-of-the-controller/office-of-procurement-services/,Portal; API/export varies,,Semi-auto,,,,,P3,,,High,Discover and monitor Kentucky government contracts,Identified — validation pending,,,
GOV-0190,Government,,State Procurement,Louisiana Procurement Office,State of Louisiana,,"State solicitations, contracts, vendor registration, procurement rules and awards",Louisiana,https://www.doa.la.gov/doa/osp/,Portal; API/export varies,,Semi-auto,,,,,P3,,,High,Discover and monitor Louisiana government contracts,Identified — validation pending,,,
GOV-0191,Government,,State Procurement,Maine Procurement Office,State of Maine,,"State solicitations, contracts, vendor registration, procurement rules and awards",Maine,https://www.maine.gov/dafs/bbm/procurementservices/home,Portal; API/export varies,,Semi-auto,,,,,P3,,,High,Discover and monitor Maine government contracts,Identified — validation pending,,,
GOV-0192,Government,,State Procurement,Maryland Procurement Office,State of Maryland,,"State solicitations, contracts, vendor registration, procurement rules and awards",Maryland,https://procurement.maryland.gov/,Portal; API/export varies,,Semi-auto,,,,,P3,,,High,Discover and monitor Maryland government contracts,Identified — validation pending,,,
GOV-0193,Government,,State Procurement,Massachusetts Procurement Office,State of Massachusetts,,"State solicitations, contracts, vendor registration, procurement rules and awards",Massachusetts,https://www.mass.gov/orgs/operational-services-division,Portal; API/export varies,,Semi-auto,,,,,P3,,,High,Discover and monitor Massachusetts government contracts,Identified — validation pending,,,
GOV-0194,Government,,State Procurement,Michigan Procurement Office,State of Michigan,,"State solicitations, contracts, vendor registration, procurement rules and awards",Michigan,https://www.michigan.gov/dtmb/procurement,Portal; API/export varies,,Semi-auto,,,,,P3,,,High,Discover and monitor Michigan government contracts,Identified — validation pending,,,
GOV-0195,Government,,State Procurement,Minnesota Procurement Office,State of Minnesota,,"State solicitations, contracts, vendor registration, procurement rules and awards",Minnesota,https://mn.gov/admin/government/purchasing-contracting/,Portal; API/export varies,,Semi-auto,,,,,P3,,,High,Discover and monitor Minnesota government contracts,Identified — validation pending,,,
GOV-0196,Government,,State Procurement,Mississippi Procurement Office,State of Mississippi,,"State solicitations, contracts, vendor registration, procurement rules and awards",Mississippi,https://www.dfa.ms.gov/procurement-contracts,Portal; API/export varies,,Semi-auto,,,,,P3,,,High,Discover and monitor Mississippi government contracts,Identified — validation pending,,,
GOV-0197,Government,,State Procurement,Missouri Procurement Office,State of Missouri,,"State solicitations, contracts, vendor registration, procurement rules and awards",Missouri,https://oa.mo.gov/purchasing,Portal; API/export varies,,Semi-auto,,,,,P3,,,High,Discover and monitor Missouri government contracts,Identified — validation pending,,,
GOV-0198,Government,,State Procurement,Montana Procurement Office,State of Montana,,"State solicitations, contracts, vendor registration, procurement rules and awards",Montana,https://spb.mt.gov/,Portal; API/export varies,,Semi-auto,,,,,P3,,,High,Discover and monitor Montana government contracts,Identified — validation pending,,,
GOV-0199,Government,,State Procurement,Nebraska Procurement Office,State of Nebraska,,"State solicitations, contracts, vendor registration, procurement rules and awards",Nebraska,https://das.nebraska.gov/materiel/purchasing.html,Portal; API/export varies,,Semi-auto,,,,,P3,,,High,Discover and monitor Nebraska government contracts,Identified — validation pending,,,
GOV-0200,Government,,State Procurement,Nevada Procurement Office,State of Nevada,,"State solicitations, contracts, vendor registration, procurement rules and awards",Nevada,https://purchasing.nv.gov/,Portal; API/export varies,,Semi-auto,,,,,P3,,,High,Discover and monitor Nevada government contracts,Identified — validation pending,,,
GOV-0201,Government,,State Procurement,New Hampshire Procurement Office,State of New Hampshire,,"State solicitations, contracts, vendor registration, procurement rules and awards",New Hampshire,https://das.nh.gov/purchasing/,Portal; API/export varies,,Semi-auto,,,,,P3,,,High,Discover and monitor New Hampshire government contracts,Identified — validation pending,,,
GOV-0202,Government,,State Procurement,New Jersey Procurement Office,State of New Jersey,,"State solicitations, contracts, vendor registration, procurement rules and awards",New Jersey,https://www.nj.gov/treasury/purchase/,Portal; API/export varies,,Semi-auto,,,,,P3,,,High,Discover and monitor New Jersey government contracts,Identified — validation pending,,,
GOV-0203,Government,,State Procurement,New Mexico Procurement Office,State of New Mexico,,"State solicitations, contracts, vendor registration, procurement rules and awards",New Mexico,https://www.generalservices.state.nm.us/statepurchasing/,Portal; API/export varies,,Semi-auto,,,,,P3,,,High,Discover and monitor New Mexico government contracts,Identified — validation pending,,,
GOV-0204,Government,,State Procurement,New York Procurement Office,State of New York,,"State solicitations, contracts, vendor registration, procurement rules and awards",New York,https://ogs.ny.gov/procurement,Portal; API/export varies,,Semi-auto,,,,,P2,,,Very High,Discover and monitor New York government contracts,Identified — validation pending,,,
GOV-0205,Government,,State Procurement,North Carolina Procurement Office,State of North Carolina,,"State solicitations, contracts, vendor registration, procurement rules and awards",North Carolina,https://ncadmin.nc.gov/government-agencies/procurement,Portal; API/export varies,,Semi-auto,,,,,P3,,,High,Discover and monitor North Carolina government contracts,Identified — validation pending,,,
GOV-0206,Government,,State Procurement,North Dakota Procurement Office,State of North Dakota,,"State solicitations, contracts, vendor registration, procurement rules and awards",North Dakota,https://www.omb.nd.gov/doing-business-state/procurement,Portal; API/export varies,,Semi-auto,,,,,P3,,,High,Discover and monitor North Dakota government contracts,Identified — validation pending,,,
GOV-0207,Government,,State Procurement,Ohio Procurement Office,State of Ohio,,"State solicitations, contracts, vendor registration, procurement rules and awards",Ohio,https://procure.ohio.gov/,Portal; API/export varies,,Semi-auto,,,,,P3,,,High,Discover and monitor Ohio government contracts,Identified — validation pending,,,
GOV-0208,Government,,State Procurement,Oklahoma Procurement Office,State of Oklahoma,,"State solicitations, contracts, vendor registration, procurement rules and awards",Oklahoma,https://oklahoma.gov/omes/services/purchasing.html,Portal; API/export varies,,Semi-auto,,,,,P3,,,High,Discover and monitor Oklahoma government contracts,Identified — validation pending,,,
GOV-0209,Government,,State Procurement,Oregon Procurement Office,State of Oregon,,"State solicitations, contracts, vendor registration, procurement rules and awards",Oregon,https://www.oregon.gov/DAS/Procurement/Pages/Index.aspx,Portal; API/export varies,,Semi-auto,,,,,P3,,,High,Discover and monitor Oregon government contracts,Identified — validation pending,,,
GOV-0210,Government,,State Procurement,Pennsylvania Procurement Office,State of Pennsylvania,,"State solicitations, contracts, vendor registration, procurement rules and awards",Pennsylvania,https://www.dgs.pa.gov/Materials-Services-Procurement/Pages/default.aspx,Portal; API/export varies,,Semi-auto,,,,,P3,,,High,Discover and monitor Pennsylvania government contracts,Identified — validation pending,,,
GOV-0211,Government,,State Procurement,Rhode Island Procurement Office,State of Rhode Island,,"State solicitations, contracts, vendor registration, procurement rules and awards",Rhode Island,https://www.ridop.ri.gov/,Portal; API/export varies,,Semi-auto,,,,,P3,,,High,Discover and monitor Rhode Island government contracts,Identified — validation pending,,,
GOV-0212,Government,,State Procurement,South Carolina Procurement Office,State of South Carolina,,"State solicitations, contracts, vendor registration, procurement rules and awards",South Carolina,https://procurement.sc.gov/,Portal; API/export varies,,Semi-auto,,,,,P3,,,High,Discover and monitor South Carolina government contracts,Identified — validation pending,,,
GOV-0213,Government,,State Procurement,South Dakota Procurement Office,State of South Dakota,,"State solicitations, contracts, vendor registration, procurement rules and awards",South Dakota,https://boa.sd.gov/central-services/procurement-management/,Portal; API/export varies,,Semi-auto,,,,,P3,,,High,Discover and monitor South Dakota government contracts,Identified — validation pending,,,
GOV-0214,Government,,State Procurement,Tennessee Procurement Office,State of Tennessee,,"State solicitations, contracts, vendor registration, procurement rules and awards",Tennessee,https://www.tn.gov/generalservices/procurement.html,Portal; API/export varies,,Semi-auto,,,,,P3,,,High,Discover and monitor Tennessee government contracts,Identified — validation pending,,,
GOV-0215,Government,,State Procurement,Texas Procurement Office,State of Texas,,"State solicitations, contracts, vendor registration, procurement rules and awards",Texas,https://comptroller.texas.gov/purchasing/,Portal; API/export varies,,Semi-auto,,,,,P2,,,Very High,Discover and monitor Texas government contracts,Identified — validation pending,,,
GOV-0216,Government,,State Procurement,Utah Procurement Office,State of Utah,,"State solicitations, contracts, vendor registration, procurement rules and awards",Utah,https://purchasing.utah.gov/,Portal; API/export varies,,Semi-auto,,,,,P3,,,High,Discover and monitor Utah government contracts,Identified — validation pending,,,
GOV-0217,Government,,State Procurement,Vermont Procurement Office,State of Vermont,,"State solicitations, contracts, vendor registration, procurement rules and awards",Vermont,https://bgs.vermont.gov/purchasing,Portal; API/export varies,,Semi-auto,,,,,P3,,,High,Discover and monitor Vermont government contracts,Identified — validation pending,,,
GOV-0218,Government,,State Procurement,Virginia Procurement Office,State of Virginia,,"State solicitations, contracts, vendor registration, procurement rules and awards",Virginia,https://dgs.virginia.gov/procurement,Portal; API/export varies,,Semi-auto,,,,,P2,,,High,Discover and monitor Virginia government contracts,Identified — validation pending,,,
GOV-0219,Government,,State Procurement,Washington Procurement Office,State of Washington,,"State solicitations, contracts, vendor registration, procurement rules and awards",Washington,https://des.wa.gov/services/contracting-purchasing,Portal; API/export varies,,Semi-auto,,,,,P2,,,High,Discover and monitor Washington government contracts,Identified — validation pending,,,
GOV-0220,Government,,State Procurement,West Virginia Procurement Office,State of West Virginia,,"State solicitations, contracts, vendor registration, procurement rules and awards",West Virginia,https://www.state.wv.us/admin/purchase/,Portal; API/export varies,,Semi-auto,,,,,P3,,,High,Discover and monitor West Virginia government contracts,Identified — validation pending,,,
GOV-0221,Government,,State Procurement,Wisconsin Procurement Office,State of Wisconsin,,"State solicitations, contracts, vendor registration, procurement rules and awards",Wisconsin,https://doa.wi.gov/Pages/StateEmployees/Procurement.aspx,Portal; API/export varies,,Semi-auto,,,,,P3,,,High,Discover and monitor Wisconsin government contracts,Identified — validation pending,,,
GOV-0222,Government,,State Procurement,Wyoming Procurement Office,State of Wyoming,,"State solicitations, contracts, vendor registration, procurement rules and awards",Wyoming,https://ai.wyo.gov/divisions/general-services/purchasing,Portal; API/export varies,,Semi-auto,,,,,P3,,,High,Discover and monitor Wyoming government contracts,Identified — validation pending,,,
GOV-0223,Government,,State Procurement,District of Columbia Procurement Office,State of District of Columbia,,"State solicitations, contracts, vendor registration, procurement rules and awards",District of Columbia,https://ocp.dc.gov/,Portal; API/export varies,,Semi-auto,,,,,P3,,,High,Discover and monitor District of Columbia government contracts,Identified — validation pending,,,
